{
  "hash": "0e55b238",
  "configHash": "344c6dfc",
  "lockfileHash": "fc3a3d01",
  "browserHash": "4c8da928",
  "optimized": {
    "@angular/common": {
      "src": "../../../../../../node_modules/@angular/common/fesm2022/common.mjs",
      "file": "@angular_common.js",
      "fileHash": "015ab114",
      "needsInterop": false
    },
    "@angular/common/http": {
      "src": "../../../../../../node_modules/@angular/common/fesm2022/http.mjs",
      "file": "@angular_common_http.js",
      "fileHash": "3d9e5abf",
      "needsInterop": false
    },
    "@angular/core": {
      "src": "../../../../../../node_modules/@angular/core/fesm2022/core.mjs",
      "file": "@angular_core.js",
      "fileHash": "5d1f9dfc",
      "needsInterop": false
    },
    "@angular/platform-browser": {
      "src": "../../../../../../node_modules/@angular/platform-browser/fesm2022/platform-browser.mjs",
      "file": "@angular_platform-browser.js",
      "fileHash": "44ac2cf2",
      "needsInterop": false
    },
    "@angular/router": {
      "src": "../../../../../../node_modules/@angular/router/fesm2022/router.mjs",
      "file": "@angular_router.js",
      "fileHash": "5b519916",
      "needsInterop": false
    }
  },
  "chunks": {
    "chunk-5UAL75D6": {
      "file": "chunk-5UAL75D6.js"
    },
    "chunk-2L2HWSKL": {
      "file": "chunk-2L2HWSKL.js"
    },
    "chunk-2DVD567D": {
      "file": "chunk-2DVD567D.js"
    },
    "chunk-DM32MZQA": {
      "file": "chunk-DM32MZQA.js"
    },
    "chunk-XEJBNXCQ": {
      "file": "chunk-XEJBNXCQ.js"
    }
  }
}