{
  "hash": "fda99966",
  "configHash": "5e234f42",
  "lockfileHash": "fc3a3d01",
  "browserHash": "ef094da1",
  "optimized": {
    "@angular/common": {
      "src": "../../../../../../node_modules/@angular/common/fesm2022/common.mjs",
      "file": "@angular_common.js",
      "fileHash": "194c7597",
      "needsInterop": false
    },
    "@angular/common/http": {
      "src": "../../../../../../node_modules/@angular/common/fesm2022/http.mjs",
      "file": "@angular_common_http.js",
      "fileHash": "7031dea5",
      "needsInterop": false
    },
    "@angular/core": {
      "src": "../../../../../../node_modules/@angular/core/fesm2022/core.mjs",
      "file": "@angular_core.js",
      "fileHash": "96fd01f2",
      "needsInterop": false
    },
    "@angular/platform-browser": {
      "src": "../../../../../../node_modules/@angular/platform-browser/fesm2022/platform-browser.mjs",
      "file": "@angular_platform-browser.js",
      "fileHash": "75753b3d",
      "needsInterop": false
    },
    "@angular/platform-server": {
      "src": "../../../../../../node_modules/@angular/platform-server/fesm2022/platform-server.mjs",
      "file": "@angular_platform-server.js",
      "fileHash": "202a585a",
      "needsInterop": false
    },
    "@angular/router": {
      "src": "../../../../../../node_modules/@angular/router/fesm2022/router.mjs",
      "file": "@angular_router.js",
      "fileHash": "87f68769",
      "needsInterop": false
    },
    "@angular/ssr": {
      "src": "../../../../../../node_modules/@angular/ssr/fesm2022/ssr.mjs",
      "file": "@angular_ssr.js",
      "fileHash": "5e5fbbb2",
      "needsInterop": false
    },
    "@angular/ssr/node": {
      "src": "../../../../../../node_modules/@angular/ssr/fesm2022/node.mjs",
      "file": "@angular_ssr_node.js",
      "fileHash": "39a2cee4",
      "needsInterop": false
    },
    "express": {
      "src": "../../../../../../node_modules/express/index.js",
      "file": "express.js",
      "fileHash": "e512014b",
      "needsInterop": true
    }
  },
  "chunks": {
    "xhr2-TXIMV6CV": {
      "file": "xhr2-TXIMV6CV.js"
    },
    "chunk-GJXVG44D": {
      "file": "chunk-GJXVG44D.js"
    },
    "chunk-U2COKVFT": {
      "file": "chunk-U2COKVFT.js"
    },
    "chunk-6NFB3ZIC": {
      "file": "chunk-6NFB3ZIC.js"
    },
    "chunk-234MWTCE": {
      "file": "chunk-234MWTCE.js"
    },
    "chunk-L7MDJQVI": {
      "file": "chunk-L7MDJQVI.js"
    },
    "chunk-MVQBESDM": {
      "file": "chunk-MVQBESDM.js"
    },
    "chunk-OKHGTVRB": {
      "file": "chunk-OKHGTVRB.js"
    },
    "chunk-AYIISLBR": {
      "file": "chunk-AYIISLBR.js"
    },
    "chunk-YHCV7DAQ": {
      "file": "chunk-YHCV7DAQ.js"
    }
  }
}